KhachHangID,NgayLap,TongTien
7,2025-01-09,247359
26,2025-02-01,478851
24,2024-12-23,346813
7,2025-01-16,64803
41,2025-04-26,422351
32,2025-05-28,209773
35,2025-02-09,131387
11,2025-04-29,319682
5,2025-06-03,104920
49,2025-03-14,281660
47,2025-04-15,301719
40,2025-01-05,278196
41,2025-01-07,225019
18,2025-01-16,144541
26,2025-01-22,55669
8,2025-05-27,284862
50,2025-03-10,382202
17,2025-01-13,233870
20,2025-05-03,440260
27,2025-04-18,439855
50,2025-03-05,327122
21,2025-01-12,204652
19,2025-01-18,150776
41,2025-02-21,224856
13,2025-03-13,335100
2,2025-05-13,415906
2,2025-04-29,268549
29,2025-05-12,346823
48,2025-02-02,143728
42,2025-01-08,98159
22,2025-02-25,406256
1,2025-02-15,317183
27,2025-02-09,387834
7,2025-05-15,388046
15,2025-04-01,53419
24,2025-03-25,214936
35,2025-04-24,475898
43,2025-03-06,171237
47,2025-05-18,228028
43,2025-02-10,213887
44,2025-06-06,258790
27,2025-01-30,123309
23,2025-02-26,104773
27,2024-12-29,118841
40,2025-04-11,140330
43,2025-01-11,313028
46,2025-04-06,413779
45,2025-03-11,198588
22,2025-05-27,147608
45,2025-05-11,329359
